,Year,Stage,Home Team Name,Home Team Goals,Away Team Goals,Away Team Name,Win conditions,Half-time Home Goals,Half-time Away Goals,RoundID,Home Team Initials,Away Team Initials,home_rank,home_total_points,home_previous_points,home_rank_change,away_rank,away_total_points,away_previous_points,away_rank_change
9,1994.0,Group C,Spain,2.0,2.0,South Korea, ,0.0,0.0,337.0,ESP,KOR,2,62,61,3,35,41,41,0
19,1994.0,Group C,Germany,1.0,0.0,Bolivia, ,0.0,0.0,337.0,GER,BOL,5,61,61,1,44,37,37,1
29,1994.0,Group A,USA,1.0,1.0,Switzerland, ,1.0,1.0,337.0,USA,SUI,23,48,48,1,7,58,58,0
39,1994.0,Group E,Italy,0.0,1.0,Republic of Ireland, ,0.0,1.0,337.0,ITA,IRL,4,61,61,1,9,58,58,1
49,1994.0,Group A,Colombia,1.0,3.0,Romania, ,1.0,2.0,337.0,COL,ROU,17,53,53,2,11,57,57,0
59,1994.0,Group F,Belgium,1.0,0.0,Morocco, ,1.0,0.0,337.0,BEL,MAR,24,47,48,2,33,43,43,2
69,1994.0,Group E,Norway,1.0,0.0,Mexico, ,0.0,0.0,337.0,NOR,MEX,8,58,57,2,15,54,52,4
79,1994.0,Group B,Cameroon,2.0,2.0,Sweden, ,1.0,1.0,337.0,CMR,SWE,31,44,44,3,3,61,62,1
89,1994.0,Group F,Netherlands,2.0,1.0,Saudi Arabia, ,0.0,1.0,337.0,NED,KSA,6,60,60,0,27,45,45,0
99,1994.0,Group B,Brazil,2.0,0.0,Russia, ,1.0,0.0,337.0,BRA,RUS,1,67,67,0,13,54,54,1
109,1994.0,Group D,Argentina,4.0,0.0,Greece, ,2.0,0.0,337.0,ARG,GRE,10,57,58,1,28,45,43,4
119,1994.0,Group D,Nigeria,3.0,0.0,Bulgaria, ,2.0,0.0,337.0,NGA,BUL,12,54,54,0,16,54,52,1
129,1994.0,Group C,Germany,1.0,1.0,Spain, ,0.0,1.0,337.0,GER,ESP,5,61,61,1,2,62,61,3
139,1994.0,Group A,Romania,1.0,4.0,Switzerland, ,1.0,1.0,337.0,ROU,SUI,11,57,57,0,7,58,58,0
149,1994.0,Group A,USA,2.0,1.0,Colombia, ,1.0,0.0,337.0,USA,COL,23,48,48,1,17,53,53,2
159,1994.0,Group E,Italy,1.0,0.0,Norway, ,0.0,0.0,337.0,ITA,NOR,4,61,61,1,8,58,57,2
169,1994.0,Group C,South Korea,0.0,0.0,Bolivia, ,0.0,0.0,337.0,KOR,BOL,35,41,41,0,44,37,37,1
179,1994.0,Group E,Mexico,2.0,1.0,Republic of Ireland, ,1.0,0.0,337.0,MEX,IRL,15,54,52,4,9,58,58,1
189,1994.0,Group B,Sweden,3.0,1.0,Russia, ,1.0,1.0,337.0,SWE,RUS,3,61,62,1,13,54,54,1
199,1994.0,Group B,Brazil,3.0,0.0,Cameroon, ,1.0,0.0,337.0,BRA,CMR,1,67,67,0,31,44,44,3
209,1994.0,Group F,Belgium,1.0,0.0,Netherlands, ,0.0,0.0,337.0,BEL,NED,24,47,48,2,6,60,60,0
219,1994.0,Group F,Saudi Arabia,2.0,1.0,Morocco, ,2.0,1.0,337.0,KSA,MAR,27,45,45,0,33,43,43,2
229,1994.0,Group D,Argentina,2.0,1.0,Nigeria, ,2.0,1.0,337.0,ARG,NGA,10,57,58,1,12,54,54,0
239,1994.0,Group D,Bulgaria,4.0,0.0,Greece, ,1.0,0.0,337.0,BUL,GRE,16,54,52,1,28,45,43,4
249,1994.0,Group A,USA,0.0,1.0,Romania, ,0.0,1.0,337.0,USA,ROU,23,48,48,1,11,57,57,0
259,1994.0,Group A,Switzerland,0.0,2.0,Colombia, ,0.0,1.0,337.0,SUI,COL,7,58,58,0,17,53,53,2
269,1994.0,Group C,Germany,3.0,2.0,South Korea, ,3.0,0.0,337.0,GER,KOR,5,61,61,1,35,41,41,0
279,1994.0,Group C,Bolivia,1.0,3.0,Spain, ,0.0,1.0,337.0,BOL,ESP,44,37,37,1,2,62,61,3
289,1994.0,Group E,Republic of Ireland,0.0,0.0,Norway, ,0.0,0.0,337.0,IRL,NOR,9,58,58,1,8,58,57,2
299,1994.0,Group B,Brazil,1.0,1.0,Sweden, ,0.0,1.0,337.0,BRA,SWE,1,67,67,0,3,61,62,1
309,1994.0,Group E,Italy,1.0,1.0,Mexico, ,0.0,0.0,337.0,ITA,MEX,4,61,61,1,15,54,52,4
319,1994.0,Group B,Russia,6.0,1.0,Cameroon, ,3.0,0.0,337.0,RUS,CMR,13,54,54,1,31,44,44,3
329,1994.0,Group F,Morocco,1.0,2.0,Netherlands, ,0.0,1.0,337.0,MAR,NED,33,43,43,2,6,60,60,0
339,1994.0,Group F,Belgium,0.0,1.0,Saudi Arabia, ,0.0,1.0,337.0,BEL,KSA,24,47,48,2,27,45,45,0
349,1994.0,Group D,Greece,0.0,2.0,Nigeria, ,0.0,1.0,337.0,GRE,NGA,28,45,43,4,12,54,54,0
359,1994.0,Group D,Argentina,0.0,2.0,Bulgaria, ,0.0,0.0,337.0,ARG,BUL,10,57,58,1,16,54,52,1
369,1994.0,Round of 16,Germany,3.0,2.0,Belgium, ,3.0,1.0,338.0,GER,BEL,5,61,61,1,24,47,48,2
379,1994.0,Round of 16,Spain,3.0,0.0,Switzerland, ,1.0,0.0,338.0,ESP,SUI,2,62,61,3,7,58,58,0
389,1994.0,Round of 16,Saudi Arabia,1.0,3.0,Sweden, ,0.0,1.0,338.0,KSA,SWE,27,45,45,0,3,61,62,1
399,1994.0,Round of 16,Romania,3.0,2.0,Argentina, ,2.0,1.0,338.0,ROU,ARG,11,57,57,0,10,57,58,1
409,1994.0,Round of 16,Netherlands,2.0,0.0,Republic of Ireland, ,2.0,0.0,338.0,NED,IRL,6,60,60,0,9,58,58,1
419,1994.0,Round of 16,Brazil,1.0,0.0,USA, ,0.0,0.0,338.0,BRA,USA,1,67,67,0,23,48,48,1
429,1994.0,Round of 16,Nigeria,1.0,2.0,Italy,Italy win after extra time ,0.0,0.0,338.0,NGA,ITA,12,54,54,0,4,61,61,1
439,1994.0,Round of 16,Mexico,1.0,1.0,Bulgaria,Bulgaria win on penalties (1 - 3) ,0.0,0.0,338.0,MEX,BUL,15,54,52,4,16,54,52,1
449,1994.0,Quarter-finals,Italy,2.0,1.0,Spain, ,1.0,0.0,796.0,ITA,ESP,4,61,61,1,2,62,61,3
459,1994.0,Quarter-finals,Netherlands,2.0,3.0,Brazil, ,0.0,0.0,796.0,NED,BRA,6,60,60,0,1,67,67,0
469,1994.0,Quarter-finals,Bulgaria,2.0,1.0,Germany, ,0.0,0.0,796.0,BUL,GER,16,54,52,1,5,61,61,1
479,1994.0,Quarter-finals,Romania,2.0,2.0,Sweden,Sweden win on penalties (4 - 5) ,0.0,0.0,796.0,ROU,SWE,11,57,57,0,3,61,62,1
489,1994.0,Semi-finals,Bulgaria,1.0,2.0,Italy, ,1.0,2.0,3461.0,BUL,ITA,16,54,52,1,4,61,61,1
499,1994.0,Semi-finals,Sweden,0.0,1.0,Brazil, ,0.0,0.0,3461.0,SWE,BRA,3,61,62,1,1,67,67,0
509,1994.0,Match for third place,Sweden,4.0,0.0,Bulgaria, ,4.0,0.0,3460.0,SWE,BUL,3,61,62,1,16,54,52,1
519,1994.0,Final,Brazil,0.0,0.0,Italy,Brazil win on penalties (3 - 2) ,0.0,0.0,3459.0,BRA,ITA,1,67,67,0,4,61,61,1
529,1998.0,Group A,Brazil,2.0,1.0,Scotland, ,1.0,1.0,1014.0,BRA,SCO,1,73,74,0,38,50,50,2
539,1998.0,Group A,Morocco,2.0,2.0,Norway, ,1.0,1.0,1014.0,MAR,NOR,13,60,60,0,14,59,59,0
549,1998.0,Group B,Italy,2.0,2.0,Chile, ,1.0,1.0,1014.0,ITA,CHI,7,64,64,1,16,58,58,0
559,1998.0,Group B,Cameroon,1.0,1.0,Austria, ,0.0,0.0,1014.0,CMR,AUT,41,49,48,2,22,55,55,1
569,1998.0,Group D,Paraguay,0.0,0.0,Bulgaria, ,0.0,0.0,1014.0,PAR,BUL,25,55,55,1,49,45,46,3
579,1998.0,Group C,Saudi Arabia,0.0,1.0,Denmark, ,0.0,0.0,1014.0,KSA,DEN,30,53,53,3,19,55,55,1
589,1998.0,Group C,France,3.0,0.0,South Africa, ,1.0,0.0,1014.0,FRA,RSA,2,69,69,0,26,54,53,2
599,1998.0,Group D,Spain,2.0,3.0,Nigeria, ,1.0,1.0,1014.0,ESP,NGA,15,59,58,0,65,41,41,0
609,1998.0,Group E,South Korea,1.0,3.0,Mexico, ,1.0,0.0,1014.0,KOR,MEX,17,57,55,2,10,62,62,0
619,1998.0,Group E,Netherlands,0.0,0.0,Belgium, ,0.0,0.0,1014.0,NED,BEL,11,62,62,2,35,51,52,1
629,1998.0,Group H,Argentina,1.0,0.0,Japan, ,1.0,0.0,1014.0,ARG,JPN,5,66,66,0,20,55,52,10
639,1998.0,Group F,Yugoslavia,1.0,0.0,Iran, ,0.0,0.0,1014.0,YUG,IRN,6,65,64,1,27,54,46,17
649,1998.0,Group H,Jamaica,1.0,3.0,Croatia, ,1.0,1.0,1014.0,JAM,CRO,33,52,52,0,4,67,67,0
659,1998.0,Group G,England,2.0,0.0,Tunisia, ,1.0,0.0,1014.0,ENG,TUN,9,63,62,2,21,55,55,1
669,1998.0,Group G,Romania,1.0,0.0,Colombia, ,1.0,0.0,1014.0,ROU,COL,12,60,60,0,34,52,52,2
679,1998.0,Group F,Germany,2.0,0.0,USA, ,1.0,0.0,1014.0,GER,USA,3,67,67,0,23,55,55,1
689,1998.0,Group A,Scotland,1.0,1.0,Norway, ,0.0,0.0,1014.0,SCO,NOR,38,50,50,2,14,59,59,0
699,1998.0,Group A,Brazil,3.0,0.0,Morocco, ,2.0,0.0,1014.0,BRA,MAR,1,73,74,0,13,60,60,0
709,1998.0,Group B,Chile,1.0,1.0,Austria, ,0.0,0.0,1014.0,CHI,AUT,16,58,58,0,22,55,55,1
719,1998.0,Group B,Italy,3.0,0.0,Cameroon, ,1.0,0.0,1014.0,ITA,CMR,7,64,64,1,41,49,48,2
729,1998.0,Group C,South Africa,1.0,1.0,Denmark, ,0.0,1.0,1014.0,RSA,DEN,26,54,53,2,19,55,55,1
739,1998.0,Group C,France,4.0,0.0,Saudi Arabia, ,1.0,0.0,1014.0,FRA,KSA,2,69,69,0,30,53,53,3
749,1998.0,Group D,Nigeria,1.0,0.0,Bulgaria, ,1.0,0.0,1014.0,NGA,BUL,65,41,41,0,49,45,46,3
759,1998.0,Group D,Spain,0.0,0.0,Paraguay, ,0.0,0.0,1014.0,ESP,PAR,15,59,58,0,25,55,55,1
769,1998.0,Group H,Japan,0.0,1.0,Croatia, ,0.0,0.0,1014.0,JPN,CRO,20,55,52,10,4,67,67,0
779,1998.0,Group E,Belgium,2.0,2.0,Mexico, ,1.0,0.0,1014.0,BEL,MEX,35,51,52,1,10,62,62,0
789,1998.0,Group E,Netherlands,5.0,0.0,South Korea, ,2.0,0.0,1014.0,NED,KOR,11,62,62,2,17,57,55,2
799,1998.0,Group F,Germany,2.0,2.0,Yugoslavia, ,0.0,1.0,1014.0,GER,YUG,3,67,67,0,6,65,64,1
809,1998.0,Group H,Argentina,5.0,0.0,Jamaica, ,1.0,0.0,1014.0,ARG,JAM,5,66,66,0,33,52,52,0
819,1998.0,Group F,USA,1.0,2.0,Iran, ,0.0,1.0,1014.0,USA,IRN,23,55,55,1,27,54,46,17
829,1998.0,Group G,Colombia,1.0,0.0,Tunisia, ,0.0,0.0,1014.0,COL,TUN,34,52,52,2,21,55,55,1
839,1998.0,Group G,Romania,2.0,1.0,England, ,0.0,0.0,1014.0,ROU,ENG,12,60,60,0,9,63,62,2
849,1998.0,Group B,Italy,2.0,1.0,Austria, ,0.0,0.0,1014.0,ITA,AUT,7,64,64,1,22,55,55,1
859,1998.0,Group B,Chile,1.0,1.0,Cameroon, ,1.0,0.0,1014.0,CHI,CMR,16,58,58,0,41,49,48,2
869,1998.0,Group A,Scotland,0.0,3.0,Morocco, ,0.0,1.0,1014.0,SCO,MAR,38,50,50,2,13,60,60,0
879,1998.0,Group A,Brazil,1.0,2.0,Norway, ,0.0,0.0,1014.0,BRA,NOR,1,73,74,0,14,59,59,0
889,1998.0,Group C,France,2.0,1.0,Denmark, ,1.0,1.0,1014.0,FRA,DEN,2,69,69,0,19,55,55,1
899,1998.0,Group C,South Africa,2.0,2.0,Saudi Arabia, ,1.0,1.0,1014.0,RSA,KSA,26,54,53,2,30,53,53,3
909,1998.0,Group D,Spain,6.0,1.0,Bulgaria, ,2.0,0.0,1014.0,ESP,BUL,15,59,58,0,49,45,46,3
919,1998.0,Group D,Nigeria,1.0,3.0,Paraguay, ,1.0,1.0,1014.0,NGA,PAR,65,41,41,0,25,55,55,1
929,1998.0,Group E,Belgium,1.0,1.0,South Korea, ,1.0,0.0,1014.0,BEL,KOR,35,51,52,1,17,57,55,2
939,1998.0,Group E,Netherlands,2.0,2.0,Mexico, ,2.0,0.0,1014.0,NED,MEX,11,62,62,2,10,62,62,0
949,1998.0,Group F,Germany,2.0,0.0,Iran, ,0.0,0.0,1014.0,GER,IRN,3,67,67,0,27,54,46,17
959,1998.0,Group F,USA,0.0,1.0,Yugoslavia, ,0.0,1.0,1014.0,USA,YUG,23,55,55,1,6,65,64,1
969,1998.0,Group H,Japan,1.0,2.0,Jamaica, ,0.0,1.0,1014.0,JPN,JAM,20,55,52,10,33,52,52,0
979,1998.0,Group H,Argentina,1.0,0.0,Croatia, ,1.0,0.0,1014.0,ARG,CRO,5,66,66,0,4,67,67,0
989,1998.0,Group G,Romania,1.0,1.0,Tunisia, ,0.0,1.0,1014.0,ROU,TUN,12,60,60,0,21,55,55,1
999,1998.0,Group G,Colombia,0.0,2.0,England, ,0.0,2.0,1014.0,COL,ENG,34,52,52,2,9,63,62,2
1009,1998.0,Round of 16,Italy,1.0,0.0,Norway, ,1.0,0.0,1024.0,ITA,NOR,7,64,64,1,14,59,59,0
1019,1998.0,Round of 16,Brazil,4.0,1.0,Chile, ,3.0,0.0,1024.0,BRA,CHI,1,73,74,0,16,58,58,0
1029,1998.0,Round of 16,France,1.0,0.0,Paraguay,France win after extra time ,0.0,0.0,1024.0,FRA,PAR,2,69,69,0,25,55,55,1
1039,1998.0,Round of 16,Nigeria,1.0,4.0,Denmark, ,0.0,2.0,1024.0,NGA,DEN,65,41,41,0,19,55,55,1
1049,1998.0,Round of 16,Germany,2.0,1.0,Mexico, ,0.0,0.0,1024.0,GER,MEX,3,67,67,0,10,62,62,0
1059,1998.0,Round of 16,Netherlands,2.0,1.0,Yugoslavia, ,1.0,0.0,1024.0,NED,YUG,11,62,62,2,6,65,64,1
1069,1998.0,Round of 16,Romania,0.0,1.0,Croatia, ,0.0,1.0,1024.0,ROU,CRO,12,60,60,0,4,67,67,0
1079,1998.0,Round of 16,Argentina,2.0,2.0,England,Argentina win on penalties (4 - 3) ,0.0,0.0,1024.0,ARG,ENG,5,66,66,0,9,63,62,2
1089,1998.0,Quarter-finals,Italy,0.0,0.0,France,France win on penalties (3 - 4) ,0.0,0.0,1025.0,ITA,FRA,7,64,64,1,2,69,69,0
1099,1998.0,Quarter-finals,Brazil,3.0,2.0,Denmark, ,2.0,1.0,1025.0,BRA,DEN,1,73,74,0,19,55,55,1
1109,1998.0,Quarter-finals,Netherlands,2.0,1.0,Argentina, ,1.0,1.0,1025.0,NED,ARG,11,62,62,2,5,66,66,0
1119,1998.0,Quarter-finals,Germany,0.0,3.0,Croatia, ,0.0,1.0,1025.0,GER,CRO,3,67,67,0,4,67,67,0
1129,1998.0,Semi-finals,Brazil,1.0,1.0,Netherlands,Brazil win on penalties (4 - 2) ,0.0,0.0,1026.0,BRA,NED,1,73,74,0,11,62,62,2
1139,1998.0,Semi-finals,France,2.0,1.0,Croatia, ,0.0,0.0,1026.0,FRA,CRO,2,69,69,0,4,67,67,0
1149,1998.0,Match for third place,Netherlands,1.0,2.0,Croatia, ,1.0,2.0,1028.0,NED,CRO,11,62,62,2,4,67,67,0
1159,1998.0,Final,Brazil,0.0,3.0,France, ,0.0,2.0,1027.0,BRA,FRA,1,73,74,0,2,69,69,0
1170,2002.0,Group A,France,0.0,1.0,Senegal, ,0.0,1.0,43950100.0,FRA,SEN,2,787,787,0,27,646,640,2
1181,2002.0,Group A,Uruguay,1.0,2.0,Denmark, ,0.0,1.0,43950100.0,URU,DEN,28,643,653,5,12,707,705,1
1192,2002.0,Group E,Republic of Ireland,1.0,1.0,Cameroon, ,0.0,1.0,43950100.0,IRL,CMR,14,697,699,0,16,685,685,1
1203,2002.0,Group E,Germany,8.0,0.0,Saudi Arabia, ,4.0,0.0,43950100.0,GER,KSA,4,761,763,0,38,608,612,0
1214,2002.0,Group F,Argentina,1.0,0.0,Nigeria, ,0.0,0.0,43950100.0,ARG,NGA,5,751,741,0,29,642,643,2
1225,2002.0,Group B,Paraguay,2.0,2.0,South Africa, ,1.0,0.0,43950100.0,PAR,RSA,18,679,681,1,30,636,637,1
1236,2002.0,Group F,England,1.0,1.0,Sweden, ,1.0,0.0,43950100.0,ENG,SWE,7,734,734,1,25,649,652,0
1247,2002.0,Group B,Spain,3.0,1.0,Slovenia, ,1.0,0.0,43950100.0,ESP,SVN,3,779,779,0,36,620,625,1
1258,2002.0,Group C,Brazil,2.0,1.0,Turkey, ,0.0,1.0,43950100.0,BRA,TUR,1,856,857,0,9,729,728,1
1269,2002.0,Group G,Italy,2.0,0.0,Ecuador, ,2.0,0.0,43950100.0,ITA,ECU,13,705,710,2,31,634,634,1
1280,2002.0,Group G,Croatia,0.0,1.0,Mexico, ,0.0,0.0,43950100.0,CRO,MEX,32,629,625,4,8,732,731,1
1291,2002.0,Group C,China PR,0.0,2.0,Costa Rica, ,0.0,0.0,43950100.0,CHN,CRC,63,512,505,4,21,652,650,5
1302,2002.0,Group H,Japan,2.0,2.0,Belgium, ,0.0,0.0,43950100.0,JPN,BEL,22,650,654,0,17,682,682,1
1313,2002.0,Group D,South Korea,2.0,0.0,Poland, ,1.0,0.0,43950100.0,KOR,POL,20,669,671,0,34,628,632,1
1324,2002.0,Group H,Russia,2.0,0.0,Tunisia, ,0.0,0.0,43950100.0,RUS,TUN,23,650,652,1,41,586,597,2
1335,2002.0,Group D,USA,3.0,2.0,Portugal, ,3.0,1.0,43950100.0,USA,POR,10,723,720,1,11,710,709,1
1346,2002.0,Group E,Germany,1.0,1.0,Republic of Ireland, ,1.0,0.0,43950100.0,GER,IRL,4,761,763,0,14,697,699,0
1357,2002.0,Group A,Denmark,1.0,1.0,Senegal, ,1.0,0.0,43950100.0,DEN,SEN,12,707,705,1,27,646,640,2
1368,2002.0,Group E,Cameroon,1.0,0.0,Saudi Arabia, ,0.0,0.0,43950100.0,CMR,KSA,16,685,685,1,38,608,612,0
1379,2002.0,Group A,France,0.0,0.0,Uruguay, ,0.0,0.0,43950100.0,FRA,URU,2,787,787,0,28,643,653,5
1390,2002.0,Group F,Sweden,2.0,1.0,Nigeria, ,1.0,1.0,43950100.0,SWE,NGA,25,649,652,0,29,642,643,2
1401,2002.0,Group F,Argentina,0.0,1.0,England, ,0.0,1.0,43950100.0,ARG,ENG,5,751,741,0,7,734,734,1
1412,2002.0,Group B,Spain,3.0,1.0,Paraguay, ,0.0,1.0,43950100.0,ESP,PAR,3,779,779,0,18,679,681,1
1423,2002.0,Group B,South Africa,1.0,0.0,Slovenia, ,1.0,0.0,43950100.0,RSA,SVN,30,636,637,1,36,620,625,1
1434,2002.0,Group C,Brazil,4.0,0.0,China PR, ,3.0,0.0,43950100.0,BRA,CHN,1,856,857,0,63,512,505,4
1445,2002.0,Group G,Italy,1.0,2.0,Croatia, ,0.0,0.0,43950100.0,ITA,CRO,13,705,710,2,32,629,625,4
1456,2002.0,Group C,Costa Rica,1.0,1.0,Turkey, ,0.0,0.0,43950100.0,CRC,TUR,21,652,650,5,9,729,728,1
1467,2002.0,Group H,Japan,1.0,0.0,Russia, ,0.0,0.0,43950100.0,JPN,RUS,22,650,654,0,23,650,652,1
1478,2002.0,Group G,Mexico,2.0,1.0,Ecuador, ,1.0,1.0,43950100.0,MEX,ECU,8,732,731,1,31,634,634,1
1489,2002.0,Group D,South Korea,1.0,1.0,USA, ,0.0,1.0,43950100.0,KOR,USA,20,669,671,0,10,723,720,1
1500,2002.0,Group D,Portugal,4.0,0.0,Poland, ,1.0,0.0,43950100.0,POR,POL,11,710,709,1,34,628,632,1
1511,2002.0,Group H,Tunisia,1.0,1.0,Belgium, ,1.0,1.0,43950100.0,TUN,BEL,41,586,597,2,17,682,682,1
1522,2002.0,Group A,Denmark,2.0,0.0,France, ,1.0,0.0,43950100.0,DEN,FRA,12,707,705,1,2,787,787,0
1533,2002.0,Group A,Senegal,3.0,3.0,Uruguay, ,3.0,0.0,43950100.0,SEN,URU,27,646,640,2,28,643,653,5
1544,2002.0,Group E,Saudi Arabia,0.0,3.0,Republic of Ireland, ,0.0,1.0,43950100.0,KSA,IRL,38,608,612,0,14,697,699,0
1555,2002.0,Group E,Cameroon,0.0,2.0,Germany, ,0.0,0.0,43950100.0,CMR,GER,16,685,685,1,4,761,763,0
1566,2002.0,Group F,Sweden,1.0,1.0,Argentina, ,0.0,0.0,43950100.0,SWE,ARG,25,649,652,0,5,751,741,0
1577,2002.0,Group F,Nigeria,0.0,0.0,England, ,0.0,0.0,43950100.0,NGA,ENG,29,642,643,2,7,734,734,1
1588,2002.0,Group B,Slovenia,1.0,3.0,Paraguay, ,1.0,0.0,43950100.0,SVN,PAR,36,620,625,1,18,679,681,1
1599,2002.0,Group B,South Africa,2.0,3.0,Spain, ,1.0,2.0,43950100.0,RSA,ESP,30,636,637,1,3,779,779,0
1610,2002.0,Group C,Costa Rica,2.0,5.0,Brazil, ,1.0,3.0,43950100.0,CRC,BRA,21,652,650,5,1,856,857,0
1621,2002.0,Group C,Turkey,3.0,0.0,China PR, ,2.0,0.0,43950100.0,TUR,CHN,9,729,728,1,63,512,505,4
1632,2002.0,Group G,Ecuador,1.0,0.0,Croatia, ,0.0,0.0,43950100.0,ECU,CRO,31,634,634,1,32,629,625,4
1643,2002.0,Group G,Mexico,1.0,1.0,Italy, ,1.0,0.0,43950100.0,MEX,ITA,8,732,731,1,13,705,710,2
1654,2002.0,Group H,Tunisia,0.0,2.0,Japan, ,0.0,0.0,43950100.0,TUN,JPN,41,586,597,2,22,650,654,0
1665,2002.0,Group D,Portugal,0.0,1.0,South Korea, ,0.0,0.0,43950100.0,POR,KOR,11,710,709,1,20,669,671,0
1676,2002.0,Group D,Poland,3.0,1.0,USA, ,2.0,0.0,43950100.0,POL,USA,34,628,632,1,10,723,720,1
1687,2002.0,Group H,Belgium,3.0,2.0,Russia, ,1.0,0.0,43950100.0,BEL,RUS,17,682,682,1,23,650,652,1
1698,2002.0,Round of 16,Denmark,0.0,3.0,England, ,0.0,3.0,43950200.0,DEN,ENG,12,707,705,1,7,734,734,1
1709,2002.0,Round of 16,Germany,1.0,0.0,Paraguay, ,0.0,0.0,43950200.0,GER,PAR,4,761,763,0,18,679,681,1
1720,2002.0,Round of 16,Spain,1.0,1.0,Republic of Ireland,Spain win on penalties (3 - 2) ,0.0,0.0,43950200.0,ESP,IRL,3,779,779,0,14,697,699,0
1731,2002.0,Round of 16,Sweden,1.0,2.0,Senegal,Win on Golden Goal ,0.0,0.0,43950200.0,SWE,SEN,25,649,652,0,27,646,640,2
1742,2002.0,Round of 16,Brazil,2.0,0.0,Belgium, ,0.0,0.0,43950200.0,BRA,BEL,1,856,857,0,17,682,682,1
1753,2002.0,Round of 16,Mexico,0.0,2.0,USA, ,0.0,1.0,43950200.0,MEX,USA,8,732,731,1,10,723,720,1
1764,2002.0,Round of 16,Japan,0.0,1.0,Turkey, ,0.0,1.0,43950200.0,JPN,TUR,22,650,654,0,9,729,728,1
1775,2002.0,Round of 16,South Korea,2.0,1.0,Italy,Win on Golden Goal ,0.0,0.0,43950200.0,KOR,ITA,20,669,671,0,13,705,710,2
1786,2002.0,Quarter-finals,England,1.0,2.0,Brazil, ,1.0,1.0,43950300.0,ENG,BRA,7,734,734,1,1,856,857,0
1797,2002.0,Quarter-finals,Germany,1.0,0.0,USA, ,1.0,0.0,43950300.0,GER,USA,4,761,763,0,10,723,720,1
1808,2002.0,Quarter-finals,Senegal,0.0,1.0,Turkey,Win on Golden Goal ,0.0,0.0,43950300.0,SEN,TUR,27,646,640,2,9,729,728,1
1819,2002.0,Quarter-finals,Spain,0.0,0.0,South Korea,Korea Republic win on penalties (3 - 5) ,0.0,0.0,43950300.0,ESP,KOR,3,779,779,0,20,669,671,0
1830,2002.0,Semi-finals,Germany,1.0,0.0,South Korea, ,0.0,0.0,43950400.0,GER,KOR,4,761,763,0,20,669,671,0
1841,2002.0,Semi-finals,Brazil,1.0,0.0,Turkey, ,0.0,0.0,43950400.0,BRA,TUR,1,856,857,0,9,729,728,1
1852,2002.0,Third place,South Korea,2.0,3.0,Turkey, ,1.0,3.0,43950500.0,KOR,TUR,20,669,671,0,9,729,728,1
1863,2002.0,Final,Germany,0.0,2.0,Brazil, ,0.0,0.0,43950600.0,GER,BRA,4,761,763,0,1,856,857,0
1874,2006.0,Group A,Germany,4.0,2.0,Costa Rica, ,2.0,1.0,97410100.0,GER,CRC,6,1350,1348,0,68,458,458,0
1885,2006.0,Group A,Poland,0.0,2.0,Ecuador, ,0.0,1.0,97410100.0,POL,ECU,24,854,859,2,30,802,802,0
1896,2006.0,Group B,England,1.0,0.0,Paraguay, ,1.0,0.0,97410100.0,ENG,PAR,5,1359,1359,0,35,745,745,0
1907,2006.0,Group B,Trinidad and Tobago,0.0,0.0,Sweden, ,0.0,0.0,97410100.0,TRI,SWE,91,360,355,1,14,958,958,0
1918,2006.0,Group C,Argentina,2.0,1.0,Ivory Coast, ,2.0,0.0,97410100.0,ARG,CIV,3,1551,1551,0,18,919,919,0
1929,2006.0,Group C,Serbia and Montenegro,0.0,1.0,Netherlands, ,0.0,1.0,97410100.0,SCG,NED,36,724,610,8,7,1305,1305,0
1940,2006.0,Group D,Mexico,3.0,1.0,Iran, ,1.0,1.0,97410100.0,MEX,IRN,20,883,887,0,38,716,716,0
1951,2006.0,Group D,Angola,0.0,1.0,Portugal, ,0.0,1.0,97410100.0,ANG,POR,55,540,552,1,8,1258,1258,0
1962,2006.0,Group F,Australia,3.0,1.0,Japan, ,0.0,1.0,97410100.0,AUS,JPN,39,703,703,0,47,640,630,0
1973,2006.0,Group E,USA,0.0,3.0,Czech Republic, ,0.0,2.0,97410100.0,USA,CZE,31,792,792,0,10,1190,1190,0
1984,2006.0,Group E,Italy,2.0,0.0,Ghana, ,1.0,0.0,97410100.0,ITA,GHA,2,1560,1560,0,28,816,814,0
1995,2006.0,Group G,South Korea,2.0,1.0,Togo, ,0.0,1.0,97410100.0,KOR,TOG,51,575,569,0,60,500,500,1
2006,2006.0,Group G,France,0.0,0.0,Switzerland, ,0.0,0.0,97410100.0,FRA,SUI,4,1523,1523,0,17,937,937,0
2017,2006.0,Group F,Brazil,1.0,0.0,Croatia, ,1.0,0.0,97410100.0,BRA,CRO,1,1588,1588,0,15,948,948,0
2028,2006.0,Group H,Spain,4.0,0.0,Ukraine, ,2.0,0.0,97410100.0,ESP,UKR,12,1154,1154,0,13,1054,1054,0
2039,2006.0,Group H,Tunisia,2.0,2.0,Saudi Arabia, ,1.0,0.0,97410100.0,TUN,KSA,32,790,790,0,64,481,472,0
2050,2006.0,Group A,Germany,1.0,0.0,Poland, ,0.0,0.0,97410100.0,GER,POL,6,1350,1348,0,24,854,859,2
2061,2006.0,Group A,Ecuador,3.0,0.0,Costa Rica, ,1.0,0.0,97410100.0,ECU,CRC,30,802,802,0,68,458,458,0
2072,2006.0,Group B,England,2.0,0.0,Trinidad and Tobago, ,0.0,0.0,97410100.0,ENG,TRI,5,1359,1359,0,91,360,355,1
2083,2006.0,Group B,Sweden,1.0,0.0,Paraguay, ,0.0,0.0,97410100.0,SWE,PAR,14,958,958,0,35,745,745,0
2089,2006.0,Group C,Argentina,6.0,0.0,Serbia and Montenegro, ,3.0,0.0,97410100.0,ARG,SCG,3,1551,1551,0,36,724,610,8
2100,2006.0,Group C,Netherlands,2.0,1.0,Ivory Coast, ,2.0,1.0,97410100.0,NED,CIV,7,1305,1305,0,18,919,919,0
2111,2006.0,Group D,Mexico,0.0,0.0,Angola, ,0.0,0.0,97410100.0,MEX,ANG,20,883,887,0,55,540,552,1
2122,2006.0,Group D,Portugal,2.0,0.0,Iran, ,0.0,0.0,97410100.0,POR,IRN,8,1258,1258,0,38,716,716,0
2133,2006.0,Group E,Czech Republic,0.0,2.0,Ghana, ,0.0,1.0,97410100.0,CZE,GHA,10,1190,1190,0,28,816,814,0
2144,2006.0,Group E,Italy,1.0,1.0,USA, ,1.0,1.0,97410100.0,ITA,USA,2,1560,1560,0,31,792,792,0
2155,2006.0,Group F,Japan,0.0,0.0,Croatia, ,0.0,0.0,97410100.0,JPN,CRO,47,640,630,0,15,948,948,0
2166,2006.0,Group F,Brazil,2.0,0.0,Australia, ,0.0,0.0,97410100.0,BRA,AUS,1,1588,1588,0,39,703,703,0
2177,2006.0,Group G,France,1.0,1.0,South Korea, ,1.0,0.0,97410100.0,FRA,KOR,4,1523,1523,0,51,575,569,0
2188,2006.0,Group G,Togo,0.0,2.0,Switzerland, ,0.0,1.0,97410100.0,TOG,SUI,60,500,500,1,17,937,937,0
2199,2006.0,Group H,Saudi Arabia,0.0,4.0,Ukraine, ,0.0,2.0,97410100.0,KSA,UKR,64,481,472,0,13,1054,1054,0
2210,2006.0,Group H,Spain,3.0,1.0,Tunisia, ,0.0,1.0,97410100.0,ESP,TUN,12,1154,1154,0,32,790,790,0
2221,2006.0,Group A,Ecuador,0.0,3.0,Germany, ,0.0,2.0,97410100.0,ECU,GER,30,802,802,0,6,1350,1348,0
2232,2006.0,Group A,Costa Rica,1.0,2.0,Poland, ,1.0,1.0,97410100.0,CRC,POL,68,458,458,0,24,854,859,2
2243,2006.0,Group B,Sweden,2.0,2.0,England, ,0.0,1.0,97410100.0,SWE,ENG,14,958,958,0,5,1359,1359,0
2254,2006.0,Group B,Paraguay,2.0,0.0,Trinidad and Tobago, ,1.0,0.0,97410100.0,PAR,TRI,35,745,745,0,91,360,355,1
2265,2006.0,Group D,Iran,1.0,1.0,Angola, ,0.0,0.0,97410100.0,IRN,ANG,38,716,716,0,55,540,552,1
2276,2006.0,Group D,Portugal,2.0,1.0,Mexico, ,2.0,1.0,97410100.0,POR,MEX,8,1258,1258,0,20,883,887,0
2287,2006.0,Group C,Netherlands,0.0,0.0,Argentina, ,0.0,0.0,97410100.0,NED,ARG,7,1305,1305,0,3,1551,1551,0
2293,2006.0,Group C,Ivory Coast,3.0,2.0,Serbia and Montenegro, ,1.0,2.0,97410100.0,CIV,SCG,18,919,919,0,36,724,610,8
2304,2006.0,Group E,Czech Republic,0.0,2.0,Italy, ,0.0,1.0,97410100.0,CZE,ITA,10,1190,1190,0,2,1560,1560,0
2315,2006.0,Group E,Ghana,2.0,1.0,USA, ,2.0,1.0,97410100.0,GHA,USA,28,816,814,0,31,792,792,0
2326,2006.0,Group F,Japan,1.0,4.0,Brazil, ,1.0,1.0,97410100.0,JPN,BRA,47,640,630,0,1,1588,1588,0
2337,2006.0,Group F,Croatia,2.0,2.0,Australia, ,1.0,1.0,97410100.0,CRO,AUS,15,948,948,0,39,703,703,0
2348,2006.0,Group H,Ukraine,1.0,0.0,Tunisia, ,0.0,0.0,97410100.0,UKR,TUN,13,1054,1054,0,32,790,790,0
2359,2006.0,Group H,Saudi Arabia,0.0,1.0,Spain, ,0.0,1.0,97410100.0,KSA,ESP,64,481,472,0,12,1154,1154,0
2370,2006.0,Group G,Togo,0.0,2.0,France, ,0.0,0.0,97410100.0,TOG,FRA,60,500,500,1,4,1523,1523,0
2381,2006.0,Group G,Switzerland,2.0,0.0,South Korea, ,1.0,0.0,97410100.0,SUI,KOR,17,937,937,0,51,575,569,0
2392,2006.0,Round of 16,Germany,2.0,0.0,Sweden, ,2.0,0.0,97410200.0,GER,SWE,6,1350,1348,0,14,958,958,0
2403,2006.0,Round of 16,Argentina,2.0,1.0,Mexico,Argentina win after extra time ,0.0,0.0,97410200.0,ARG,MEX,3,1551,1551,0,20,883,887,0
2414,2006.0,Round of 16,England,1.0,0.0,Ecuador, ,0.0,0.0,97410200.0,ENG,ECU,5,1359,1359,0,30,802,802,0
2425,2006.0,Round of 16,Portugal,1.0,0.0,Netherlands, ,1.0,0.0,97410200.0,POR,NED,8,1258,1258,0,7,1305,1305,0
2436,2006.0,Round of 16,Italy,1.0,0.0,Australia, ,0.0,0.0,97410200.0,ITA,AUS,2,1560,1560,0,39,703,703,0
2447,2006.0,Round of 16,Switzerland,0.0,0.0,Ukraine,Ukraine win on penalties (0 - 3) ,0.0,0.0,97410200.0,SUI,UKR,17,937,937,0,13,1054,1054,0
2458,2006.0,Round of 16,Brazil,3.0,0.0,Ghana, ,2.0,0.0,97410200.0,BRA,GHA,1,1588,1588,0,28,816,814,0
2469,2006.0,Round of 16,Spain,1.0,3.0,France, ,1.0,1.0,97410200.0,ESP,FRA,12,1154,1154,0,4,1523,1523,0
2480,2006.0,Quarter-finals,Germany,1.0,1.0,Argentina,Germany win on penalties (4 - 2) ,0.0,0.0,97410300.0,GER,ARG,6,1350,1348,0,3,1551,1551,0
2491,2006.0,Quarter-finals,Italy,3.0,0.0,Ukraine, ,1.0,0.0,97410300.0,ITA,UKR,2,1560,1560,0,13,1054,1054,0
2502,2006.0,Quarter-finals,England,0.0,0.0,Portugal,Portugal win on penalties (1 - 3) ,0.0,0.0,97410300.0,ENG,POR,5,1359,1359,0,8,1258,1258,0
2513,2006.0,Quarter-finals,Brazil,0.0,1.0,France, ,0.0,0.0,97410300.0,BRA,FRA,1,1588,1588,0,4,1523,1523,0
2524,2006.0,Semi-finals,Germany,0.0,2.0,Italy,Italy win after extra time ,0.0,0.0,97410400.0,GER,ITA,6,1350,1348,0,2,1560,1560,0
2535,2006.0,Semi-finals,Portugal,0.0,1.0,France, ,0.0,1.0,97410400.0,POR,FRA,8,1258,1258,0,4,1523,1523,0
2546,2006.0,Third place,Germany,3.0,1.0,Portugal, ,0.0,0.0,97410500.0,GER,POR,6,1350,1348,0,8,1258,1258,0
2557,2006.0,Final,Italy,1.0,1.0,France,Italy win on penalties (5 - 3) ,0.0,0.0,97410600.0,ITA,FRA,2,1560,1560,0,4,1523,1523,0
2568,2010.0,Group A,South Africa,1.0,1.0,Mexico, ,0.0,0.0,249722.0,RSA,MEX,51,550,562,1,27,795,790,1
2579,2010.0,Group A,Uruguay,0.0,0.0,France, ,0.0,0.0,249722.0,URU,FRA,7,1153,1174,0,18,867,852,3
2590,2010.0,Group B,South Korea,2.0,0.0,Greece, ,1.0,0.0,249722.0,KOR,GRE,40,647,653,1,11,1016,1043,0
2601,2010.0,Group B,Argentina,1.0,0.0,Nigeria, ,1.0,0.0,249722.0,ARG,NGA,5,1338,1353,0,32,725,711,1
2612,2010.0,Group C,England,1.0,1.0,USA, ,1.0,1.0,249722.0,ENG,USA,6,1195,1250,0,18,867,847,6
2623,2010.0,Group C,Algeria,0.0,1.0,Slovenia, ,0.0,0.0,249722.0,ALG,SVN,35,687,706,1,17,896,958,2
2634,2010.0,Group D,Serbia,0.0,1.0,Ghana, ,0.0,0.0,249722.0,SRB,GHA,23,837,828,2,16,908,903,1
2645,2010.0,Group D,Germany,4.0,0.0,Australia, ,2.0,0.0,249722.0,GER,AUS,3,1485,1489,1,26,816,853,6
2656,2010.0,Group E,Netherlands,2.0,0.0,Denmark, ,0.0,0.0,249722.0,NED,DEN,2,1723,1718,0,28,790,812,1
2667,2010.0,Group E,Japan,1.0,0.0,Cameroon, ,1.0,0.0,249722.0,JPN,CMR,29,776,781,1,37,670,656,1
2678,2010.0,Group F,Italy,1.0,1.0,Paraguay, ,0.0,1.0,249722.0,ITA,PAR,14,965,995,0,24,832,850,1
2689,2010.0,Group F,New Zealand,1.0,1.0,Slovakia, ,0.0,0.0,249722.0,NZL,SVK,63,506,517,4,20,854,866,2
2700,2010.0,Group G,Ivory Coast,0.0,0.0,Portugal, ,0.0,0.0,249722.0,CIV,POR,21,846,857,2,8,1090,1102,0
2711,2010.0,Group G,Brazil,2.0,1.0,Korea DPR, ,0.0,0.0,249722.0,BRA,PRK,4,1446,1493,1,108,292,299,1
2722,2010.0,Group H,Honduras,0.0,1.0,Chile, ,0.0,1.0,249722.0,HON,CHI,59,516,522,2,15,950,929,1
2733,2010.0,Group H,Spain,0.0,1.0,Switzerland, ,0.0,0.0,249722.0,ESP,SUI,1,1887,1920,0,22,840,852,1
2744,2010.0,Group A,South Africa,0.0,3.0,Uruguay, ,0.0,1.0,249722.0,RSA,URU,51,550,562,1,7,1153,1174,0
2755,2010.0,Group B,Argentina,4.0,1.0,South Korea, ,2.0,1.0,249722.0,ARG,KOR,5,1338,1353,0,40,647,653,1
2766,2010.0,Group B,Greece,2.0,1.0,Nigeria, ,1.0,1.0,249722.0,GRE,NGA,11,1016,1043,0,32,725,711,1
2777,2010.0,Group A,France,0.0,2.0,Mexico, ,0.0,0.0,249722.0,FRA,MEX,18,867,852,3,27,795,790,1
2788,2010.0,Group D,Germany,0.0,1.0,Serbia, ,0.0,1.0,249722.0,GER,SRB,3,1485,1489,1,23,837,828,2
2799,2010.0,Group C,Slovenia,2.0,2.0,USA, ,2.0,0.0,249722.0,SVN,USA,17,896,958,2,18,867,847,6
2810,2010.0,Group C,England,0.0,0.0,Algeria, ,0.0,0.0,249722.0,ENG,ALG,6,1195,1250,0,35,687,706,1
2821,2010.0,Group E,Netherlands,1.0,0.0,Japan, ,0.0,0.0,249722.0,NED,JPN,2,1723,1718,0,29,776,781,1
2832,2010.0,Group D,Ghana,1.0,1.0,Australia, ,1.0,1.0,249722.0,GHA,AUS,16,908,903,1,26,816,853,6
2843,2010.0,Group E,Cameroon,1.0,2.0,Denmark, ,1.0,1.0,249722.0,CMR,DEN,37,670,656,1,28,790,812,1
2854,2010.0,Group F,Slovakia,0.0,2.0,Paraguay, ,0.0,1.0,249722.0,SVK,PAR,20,854,866,2,24,832,850,1
2865,2010.0,Group F,Italy,1.0,1.0,New Zealand, ,1.0,1.0,249722.0,ITA,NZL,14,965,995,0,63,506,517,4
2876,2010.0,Group G,Brazil,3.0,1.0,Ivory Coast, ,1.0,0.0,249722.0,BRA,CIV,4,1446,1493,1,21,846,857,2
2887,2010.0,Group G,Portugal,7.0,0.0,Korea DPR, ,1.0,0.0,249722.0,POR,PRK,8,1090,1102,0,108,292,299,1
2898,2010.0,Group H,Chile,1.0,0.0,Switzerland, ,0.0,0.0,249722.0,CHI,SUI,15,950,929,1,22,840,852,1
2909,2010.0,Group H,Spain,2.0,0.0,Honduras, ,1.0,0.0,249722.0,ESP,HON,1,1887,1920,0,59,516,522,2
2920,2010.0,Group A,Mexico,0.0,1.0,Uruguay, ,0.0,1.0,249722.0,MEX,URU,27,795,790,1,7,1153,1174,0
2931,2010.0,Group A,France,1.0,2.0,South Africa, ,0.0,2.0,249722.0,FRA,RSA,18,867,852,3,51,550,562,1
2942,2010.0,Group B,Nigeria,2.0,2.0,South Korea, ,1.0,1.0,249722.0,NGA,KOR,32,725,711,1,40,647,653,1
2953,2010.0,Group B,Greece,0.0,2.0,Argentina, ,0.0,0.0,249722.0,GRE,ARG,11,1016,1043,0,5,1338,1353,0
2964,2010.0,Group C,Slovenia,0.0,1.0,England, ,0.0,1.0,249722.0,SVN,ENG,17,896,958,2,6,1195,1250,0
2975,2010.0,Group C,USA,1.0,0.0,Algeria, ,0.0,0.0,249722.0,USA,ALG,18,867,847,6,35,687,706,1
2986,2010.0,Group D,Ghana,0.0,1.0,Germany, ,0.0,0.0,249722.0,GHA,GER,16,908,903,1,3,1485,1489,1
2997,2010.0,Group D,Australia,2.0,1.0,Serbia, ,0.0,0.0,249722.0,AUS,SRB,26,816,853,6,23,837,828,2
3008,2010.0,Group F,Slovakia,3.0,2.0,Italy, ,1.0,0.0,249722.0,SVK,ITA,20,854,866,2,14,965,995,0
3019,2010.0,Group F,Paraguay,0.0,0.0,New Zealand, ,0.0,0.0,249722.0,PAR,NZL,24,832,850,1,63,506,517,4
3030,2010.0,Group E,Denmark,1.0,3.0,Japan, ,0.0,2.0,249722.0,DEN,JPN,28,790,812,1,29,776,781,1
3041,2010.0,Group E,Cameroon,1.0,2.0,Netherlands, ,0.0,1.0,249722.0,CMR,NED,37,670,656,1,2,1723,1718,0
3052,2010.0,Group G,Portugal,0.0,0.0,Brazil, ,0.0,0.0,249722.0,POR,BRA,8,1090,1102,0,4,1446,1493,1
3063,2010.0,Group G,Korea DPR,0.0,3.0,Ivory Coast, ,0.0,2.0,249722.0,PRK,CIV,108,292,299,1,21,846,857,2
3074,2010.0,Group H,Chile,1.0,2.0,Spain, ,0.0,2.0,249722.0,CHI,ESP,15,950,929,1,1,1887,1920,0
3085,2010.0,Group H,Switzerland,0.0,0.0,Honduras, ,0.0,0.0,249722.0,SUI,HON,22,840,852,1,59,516,522,2
3096,2010.0,Round of 16,Uruguay,2.0,1.0,South Korea, ,1.0,0.0,249717.0,URU,KOR,7,1153,1174,0,40,647,653,1
3107,2010.0,Round of 16,USA,1.0,2.0,Ghana,Ghana win after extra time ,0.0,0.0,249717.0,USA,GHA,18,867,847,6,16,908,903,1
3118,2010.0,Round of 16,Germany,4.0,1.0,England, ,2.0,1.0,249717.0,GER,ENG,3,1485,1489,1,6,1195,1250,0
3129,2010.0,Round of 16,Argentina,3.0,1.0,Mexico, ,2.0,0.0,249717.0,ARG,MEX,5,1338,1353,0,27,795,790,1
3140,2010.0,Round of 16,Netherlands,2.0,1.0,Slovakia, ,1.0,0.0,249717.0,NED,SVK,2,1723,1718,0,20,854,866,2
3151,2010.0,Round of 16,Brazil,3.0,0.0,Chile, ,2.0,0.0,249717.0,BRA,CHI,4,1446,1493,1,15,950,929,1
3162,2010.0,Round of 16,Paraguay,0.0,0.0,Japan,Paraguay win on penalties (5 - 3) ,0.0,0.0,249717.0,PAR,JPN,24,832,850,1,29,776,781,1
3173,2010.0,Round of 16,Spain,1.0,0.0,Portugal, ,0.0,0.0,249717.0,ESP,POR,1,1887,1920,0,8,1090,1102,0
3184,2010.0,Quarter-finals,Netherlands,2.0,1.0,Brazil, ,0.0,1.0,249718.0,NED,BRA,2,1723,1718,0,4,1446,1493,1
3195,2010.0,Quarter-finals,Uruguay,1.0,1.0,Ghana,Uruguay win on penalties (4 - 2) ,0.0,0.0,249718.0,URU,GHA,7,1153,1174,0,16,908,903,1
3206,2010.0,Quarter-finals,Argentina,0.0,4.0,Germany, ,0.0,1.0,249718.0,ARG,GER,5,1338,1353,0,3,1485,1489,1
3217,2010.0,Quarter-finals,Paraguay,0.0,1.0,Spain, ,0.0,0.0,249718.0,PAR,ESP,24,832,850,1,1,1887,1920,0
3228,2010.0,Semi-finals,Uruguay,2.0,3.0,Netherlands, ,1.0,1.0,249719.0,URU,NED,7,1153,1174,0,2,1723,1718,0
3239,2010.0,Semi-finals,Germany,0.0,1.0,Spain, ,0.0,0.0,249719.0,GER,ESP,3,1485,1489,1,1,1887,1920,0
3250,2010.0,Match for third place,Uruguay,2.0,3.0,Germany, ,1.0,1.0,249720.0,URU,GER,7,1153,1174,0,3,1485,1489,1
3261,2010.0,Final,Netherlands,0.0,1.0,Spain,Spain win after extra time ,0.0,0.0,249721.0,NED,ESP,2,1723,1718,0,1,1887,1920,0
3273,2014.0,Group A,Brazil,3.0,1.0,Croatia, ,1.0,1.0,255931.0,BRA,CRO,6,1316,1316,0,19,946,946,0
3285,2014.0,Group A,Mexico,1.0,0.0,Cameroon, ,0.0,0.0,255931.0,MEX,CMR,20,913,913,0,42,665,664,1
3297,2014.0,Group B,Spain,1.0,5.0,Netherlands, ,1.0,1.0,255931.0,ESP,NED,9,1142,1142,0,5,1374,1374,0
3309,2014.0,Group B,Chile,3.0,1.0,Australia, ,2.0,1.0,255931.0,CHI,AUS,14,1022,1022,0,100,324,327,2
3321,2014.0,Group C,Colombia,3.0,0.0,Greece, ,1.0,0.0,255931.0,COL,GRE,3,1450,1450,0,24,856,856,1
3333,2014.0,Group D,Uruguay,1.0,3.0,Costa Rica, ,1.0,0.0,255931.0,URU,CRC,10,1135,1135,0,16,997,995,0
3345,2014.0,Group D,England,1.0,2.0,Italy, ,1.0,1.0,255931.0,ENG,ITA,13,1032,1032,0,11,1103,1103,0
3357,2014.0,Group C,Ivory Coast,2.0,1.0,Japan, ,0.0,1.0,255931.0,CIV,JPN,28,833,861,4,54,563,563,1
3369,2014.0,Group E,Switzerland,2.0,1.0,Ecuador, ,0.0,1.0,255931.0,SUI,ECU,12,1091,1091,0,26,852,852,1
3381,2014.0,Group E,France,3.0,0.0,Honduras, ,1.0,0.0,255931.0,FRA,HON,7,1160,1160,0,71,461,461,1
3393,2014.0,Group F,Argentina,2.0,1.0,Bosnia and Herzegovina, ,1.0,0.0,255931.0,ARG,BIH,2,1538,1538,0,29,817,808,0
3405,2014.0,Group G,Germany,4.0,0.0,Portugal, ,3.0,0.0,255931.0,GER,POR,1,1725,1725,0,7,1160,1160,0
3417,2014.0,Group F,Iran,0.0,0.0,Nigeria, ,0.0,0.0,255931.0,IRN,NGA,51,580,547,5,43,656,656,1
3429,2014.0,Group G,Ghana,1.0,2.0,USA, ,0.0,1.0,255931.0,GHA,USA,37,714,714,0,27,836,836,1
3441,2014.0,Group H,Belgium,2.0,1.0,Algeria, ,0.0,1.0,255931.0,BEL,ALG,4,1417,1417,0,18,948,948,0
3453,2014.0,Group A,Brazil,0.0,0.0,Mexico, ,0.0,0.0,255931.0,BRA,MEX,6,1316,1316,0,20,913,913,0
3465,2014.0,Group H,Russia,1.0,1.0,South Korea, ,0.0,0.0,255931.0,RUS,KOR,31,789,789,0,69,481,481,0
3477,2014.0,Group B,Australia,2.0,3.0,Netherlands, ,1.0,1.0,255931.0,AUS,NED,100,324,327,2,5,1374,1374,0
3489,2014.0,Group B,Spain,0.0,2.0,Chile, ,0.0,2.0,255931.0,ESP,CHI,9,1142,1142,0,14,1022,1022,0
3501,2014.0,Group A,Cameroon,0.0,4.0,Croatia, ,0.0,1.0,255931.0,CMR,CRO,42,665,664,1,19,946,946,0
3513,2014.0,Group C,Colombia,2.0,1.0,Ivory Coast, ,0.0,0.0,255931.0,COL,CIV,3,1450,1450,0,28,833,861,4
3525,2014.0,Group D,Uruguay,2.0,1.0,England, ,1.0,0.0,255931.0,URU,ENG,10,1135,1135,0,13,1032,1032,0
3537,2014.0,Group C,Japan,0.0,0.0,Greece, ,0.0,0.0,255931.0,JPN,GRE,54,563,563,1,24,856,856,1
3549,2014.0,Group D,Italy,0.0,1.0,Costa Rica, ,0.0,1.0,255931.0,ITA,CRC,11,1103,1103,0,16,997,995,0
3561,2014.0,Group E,Switzerland,2.0,5.0,France, ,0.0,3.0,255931.0,SUI,FRA,12,1091,1091,0,7,1160,1160,0
3573,2014.0,Group E,Honduras,1.0,2.0,Ecuador, ,1.0,1.0,255931.0,HON,ECU,71,461,461,1,26,852,852,1
3585,2014.0,Group F,Argentina,1.0,0.0,Iran, ,0.0,0.0,255931.0,ARG,IRN,2,1538,1538,0,51,580,547,5
3597,2014.0,Group G,Germany,2.0,2.0,Ghana, ,0.0,0.0,255931.0,GER,GHA,1,1725,1725,0,37,714,714,0
3609,2014.0,Group F,Nigeria,1.0,0.0,Bosnia and Herzegovina, ,1.0,0.0,255931.0,NGA,BIH,43,656,656,1,29,817,808,0
3621,2014.0,Group H,Belgium,1.0,0.0,Russia, ,0.0,0.0,255931.0,BEL,RUS,4,1417,1417,0,31,789,789,0
3633,2014.0,Group H,South Korea,2.0,4.0,Algeria, ,0.0,3.0,255931.0,KOR,ALG,69,481,481,0,18,948,948,0
3645,2014.0,Group G,USA,2.0,2.0,Portugal, ,0.0,1.0,255931.0,USA,POR,27,836,836,1,7,1160,1160,0
3657,2014.0,Group B,Australia,0.0,3.0,Spain, ,0.0,1.0,255931.0,AUS,ESP,100,324,327,2,9,1142,1142,0
3669,2014.0,Group B,Netherlands,2.0,0.0,Chile, ,0.0,0.0,255931.0,NED,CHI,5,1374,1374,0,14,1022,1022,0
3681,2014.0,Group A,Cameroon,1.0,4.0,Brazil, ,1.0,2.0,255931.0,CMR,BRA,42,665,664,1,6,1316,1316,0
3693,2014.0,Group A,Croatia,1.0,3.0,Mexico, ,0.0,0.0,255931.0,CRO,MEX,19,946,946,0,20,913,913,0
3705,2014.0,Group D,Italy,0.0,1.0,Uruguay, ,0.0,0.0,255931.0,ITA,URU,11,1103,1103,0,10,1135,1135,0
3717,2014.0,Group D,Costa Rica,0.0,0.0,England, ,0.0,0.0,255931.0,CRC,ENG,16,997,995,0,13,1032,1032,0
3729,2014.0,Group C,Japan,1.0,4.0,Colombia, ,1.0,1.0,255931.0,JPN,COL,54,563,563,1,3,1450,1450,0
3741,2014.0,Group C,Greece,2.0,1.0,Ivory Coast, ,1.0,0.0,255931.0,GRE,CIV,24,856,856,1,28,833,861,4
3753,2014.0,Group F,Nigeria,2.0,3.0,Argentina, ,1.0,2.0,255931.0,NGA,ARG,43,656,656,1,2,1538,1538,0
3765,2014.0,Group F,Bosnia and Herzegovina,3.0,1.0,Iran, ,1.0,0.0,255931.0,BIH,IRN,29,817,808,0,51,580,547,5
3777,2014.0,Group E,Honduras,0.0,3.0,Switzerland, ,0.0,2.0,255931.0,HON,SUI,71,461,461,1,12,1091,1091,0
3789,2014.0,Group E,Ecuador,0.0,0.0,France, ,0.0,0.0,255931.0,ECU,FRA,26,852,852,1,7,1160,1160,0
3801,2014.0,Group G,USA,0.0,1.0,Germany, ,0.0,0.0,255931.0,USA,GER,27,836,836,1,1,1725,1725,0
3813,2014.0,Group G,Portugal,2.0,1.0,Ghana, ,1.0,0.0,255931.0,POR,GHA,7,1160,1160,0,37,714,714,0
3825,2014.0,Group H,South Korea,0.0,1.0,Belgium, ,0.0,0.0,255931.0,KOR,BEL,69,481,481,0,4,1417,1417,0
3837,2014.0,Group H,Algeria,1.0,1.0,Russia, ,0.0,1.0,255931.0,ALG,RUS,18,948,948,0,31,789,789,0
3849,2014.0,Round of 16,Brazil,1.0,1.0,Chile,Brazil win on penalties (3 - 2) ,0.0,0.0,255951.0,BRA,CHI,6,1316,1316,0,14,1022,1022,0
3861,2014.0,Round of 16,Colombia,2.0,0.0,Uruguay, ,1.0,0.0,255951.0,COL,URU,3,1450,1450,0,10,1135,1135,0
3873,2014.0,Round of 16,Netherlands,2.0,1.0,Mexico, ,0.0,0.0,255951.0,NED,MEX,5,1374,1374,0,20,913,913,0
3885,2014.0,Round of 16,Costa Rica,1.0,1.0,Greece,Costa Rica win on penalties (5 - 3) ,0.0,0.0,255951.0,CRC,GRE,16,997,995,0,24,856,856,1
3897,2014.0,Round of 16,France,2.0,0.0,Nigeria, ,0.0,0.0,255951.0,FRA,NGA,7,1160,1160,0,43,656,656,1
3909,2014.0,Round of 16,Germany,2.0,1.0,Algeria,Germany win after extra time ,0.0,0.0,255951.0,GER,ALG,1,1725,1725,0,18,948,948,0
3921,2014.0,Round of 16,Argentina,1.0,0.0,Switzerland,Argentina win after extra time ,0.0,0.0,255951.0,ARG,SUI,2,1538,1538,0,12,1091,1091,0
3933,2014.0,Round of 16,Belgium,2.0,1.0,USA,Belgium win after extra time ,0.0,0.0,255951.0,BEL,USA,4,1417,1417,0,27,836,836,1
3945,2014.0,Quarter-finals,France,0.0,1.0,Germany, ,0.0,1.0,255953.0,FRA,GER,7,1160,1160,0,1,1725,1725,0
3957,2014.0,Quarter-finals,Brazil,2.0,1.0,Colombia, ,1.0,0.0,255953.0,BRA,COL,6,1316,1316,0,3,1450,1450,0
3969,2014.0,Quarter-finals,Argentina,1.0,0.0,Belgium, ,1.0,0.0,255953.0,ARG,BEL,2,1538,1538,0,4,1417,1417,0
3981,2014.0,Quarter-finals,Netherlands,0.0,0.0,Costa Rica,Netherlands win on penalties (4 - 3) ,0.0,0.0,255953.0,NED,CRC,5,1374,1374,0,16,997,995,0
3993,2014.0,Semi-finals,Brazil,1.0,7.0,Germany, ,0.0,5.0,255955.0,BRA,GER,6,1316,1316,0,1,1725,1725,0
4005,2014.0,Semi-finals,Netherlands,0.0,0.0,Argentina,Argentina win on penalties (2 - 4) ,0.0,0.0,255955.0,NED,ARG,5,1374,1374,0,2,1538,1538,0
4017,2014.0,Play-off for third place,Brazil,0.0,3.0,Netherlands, ,0.0,2.0,255957.0,BRA,NED,6,1316,1316,0,5,1374,1374,0
4029,2014.0,Final,Germany,1.0,0.0,Argentina,Germany win after extra time ,0.0,0.0,255959.0,GER,ARG,1,1725,1725,0,2,1538,1538,0
4041,2018.0,Group-1,Russia,5.0,0.0,Saudi Arabia,,,,,,,48,1424,1424,0,69,1335,1335,0
4053,2018.0,Group-1,Egypt,0.0,1.0,Uruguay,,,,,,,56,1393,1393,0,7,1609,1609,0
4065,2018.0,Group-1,Morocco,0.0,1.0,Iran,,,,,,,40,1440,1440,0,29,1481,1481,0
4077,2018.0,Group-1,Portugal,3.0,3.0,Spain,,,,,,,6,1614,1614,0,9,1591,1591,0
4089,2018.0,Group-1,France,2.0,1.0,Australia,,,,,,,2,1726,1726,0,41,1436,1436,0
4101,2018.0,Group-1,Argentina,1.0,1.0,Iceland,,,,,,,11,1582,1582,0,37,1452,1452,0
4113,2018.0,Group-1,Peru,0.0,1.0,Denmark,,,,,,,20,1518,1518,0,10,1589,1589,0
4125,2018.0,Group-1,Croatia,2.0,0.0,Nigeria,,,,,,,4,1634,1634,0,44,1427,1427,0
4137,2018.0,Group-1,Costa Rica,0.0,1.0,Serbia,,,,,,,36,1464,1464,0,29,1481,1481,0
4149,2018.0,Group-1,Germany,0.0,1.0,Mexico,,,,,,,16,1558,1558,0,17,1540,1540,0
4161,2018.0,Group-1,Brazil,1.0,1.0,Switzerland,,,,,,,3,1676,1676,0,8,1599,1599,0
4173,2018.0,Group-1,Sweden,1.0,0.0,South Korea,,,,,,,14,1560,1560,0,53,1405,1405,0
4185,2018.0,Group-1,Belgium,3.0,0.0,Panama,,,,,,,1,1727,1727,0,71,1326,1326,0
4197,2018.0,Group-1,Tunisia,1.0,2.0,England,,,,,,,26,1493,1493,0,5,1631,1631,0
4209,2018.0,Group-1,Colombia,1.0,2.0,Japan,,,,,,,12,1575,1575,0,50,1414,1414,0
4221,2018.0,Group-1,Poland,1.0,2.0,Senegal,,,,,,,20,1518,1518,0,23,1505,1505,0
4233,2018.0,Group-2,Russia,3.0,1.0,Egypt,,,,,,,48,1424,1424,0,56,1393,1393,0
4245,2018.0,Group-2,Portugal,1.0,0.0,Morocco,,,,,,,6,1614,1614,0,40,1440,1440,0
4257,2018.0,Group-2,Uruguay,1.0,0.0,Saudi Arabia,,,,,,,7,1609,1609,0,69,1335,1335,0
4269,2018.0,Group-2,Iran,0.0,1.0,Spain,,,,,,,29,1481,1481,0,9,1591,1591,0
4281,2018.0,Group-2,Denmark,1.0,1.0,Australia,,,,,,,10,1589,1589,0,41,1436,1436,0
4293,2018.0,Group-2,France,1.0,0.0,Peru,,,,,,,2,1726,1726,0,20,1518,1518,0
4305,2018.0,Group-2,Argentina,0.0,3.0,Croatia,,,,,,,11,1582,1582,0,4,1634,1634,0
4317,2018.0,Group-2,Brazil,2.0,0.0,Costa Rica,,,,,,,3,1676,1676,0,36,1464,1464,0
4329,2018.0,Group-2,Nigeria,2.0,0.0,Iceland,,,,,,,44,1427,1427,0,37,1452,1452,0
4341,2018.0,Group-2,Serbia,1.0,2.0,Switzerland,,,,,,,29,1481,1481,0,8,1599,1599,0
4353,2018.0,Group-2,Belgium,5.0,2.0,Tunisia,,,,,,,1,1727,1727,0,26,1493,1493,0
4365,2018.0,Group-2,South Korea,1.0,2.0,Mexico,,,,,,,53,1405,1405,0,17,1540,1540,0
4377,2018.0,Group-2,Germany,2.0,1.0,Sweden,,,,,,,16,1558,1558,0,14,1560,1560,0
4389,2018.0,Group-2,England,6.0,1.0,Panama,,,,,,,5,1631,1631,0,71,1326,1326,0
4401,2018.0,Group-2,Japan,2.0,2.0,Senegal,,,,,,,50,1414,1414,0,23,1505,1505,0
4413,2018.0,Group-2,Poland,0.0,3.0,Colombia,,,,,,,20,1518,1518,0,12,1575,1575,0
4425,2018.0,Group-3,Saudi Arabia,2.0,1.0,Egypt,,,,,,,69,1335,1335,0,56,1393,1393,0
4437,2018.0,Group-3,Uruguay,3.0,0.0,Russia,,,,,,,7,1609,1609,0,48,1424,1424,0
4449,2018.0,Group-3,Iran,1.0,1.0,Portugal,,,,,,,29,1481,1481,0,6,1614,1614,0
4461,2018.0,Group-3,Spain,2.0,2.0,Morocco,,,,,,,9,1591,1591,0,40,1440,1440,0
4473,2018.0,Group-3,Australia,0.0,2.0,Peru,,,,,,,41,1436,1436,0,20,1518,1518,0
4485,2018.0,Group-3,Denmark,0.0,0.0,France,,,,,,,10,1589,1589,0,2,1726,1726,0
4497,2018.0,Group-3,Nigeria,1.0,2.0,Argentina,,,,,,,44,1427,1427,0,11,1582,1582,0
4509,2018.0,Group-3,Iceland,1.0,2.0,Croatia,,,,,,,37,1452,1452,0,4,1634,1634,0
4521,2018.0,Group-3,Mexico,0.0,3.0,Sweden,,,,,,,17,1540,1540,0,14,1560,1560,0
4533,2018.0,Group-3,South Korea,2.0,0.0,Germany,,,,,,,53,1405,1405,0,16,1558,1558,0
4545,2018.0,Group-3,Switzerland,2.0,2.0,Costa Rica,,,,,,,8,1599,1599,0,36,1464,1464,0
4557,2018.0,Group-3,Serbia,0.0,2.0,Brazil,,,,,,,29,1481,1481,0,3,1676,1676,0
4569,2018.0,Group-3,Senegal,0.0,1.0,Colombia,,,,,,,23,1505,1505,0,12,1575,1575,0
4581,2018.0,Group-3,Japan,0.0,1.0,Poland,,,,,,,50,1414,1414,0,20,1518,1518,0
4593,2018.0,Group-3,England,0.0,1.0,Belgium,,,,,,,5,1631,1631,0,1,1727,1727,0
4605,2018.0,Group-3,Panama,1.0,2.0,Tunisia,,,,,,,71,1326,1326,0,26,1493,1493,0
4617,2018.0,Last-16,France,4.0,3.0,Argentina,,,,,,,2,1726,1726,0,11,1582,1582,0
4629,2018.0,Last-16,Uruguay,2.0,1.0,Portugal,,,,,,,7,1609,1609,0,6,1614,1614,0
4641,2018.0,Last-16,Spain,1.0,1.0,Russia,,,,,,,9,1591,1591,0,48,1424,1424,0
4653,2018.0,Last-16,Croatia,1.0,1.0,Denmark,,,,,,,4,1634,1634,0,10,1589,1589,0
4665,2018.0,Last-16,Brazil,2.0,0.0,Mexico,,,,,,,3,1676,1676,0,17,1540,1540,0
4677,2018.0,Last-16,Belgium,3.0,2.0,Japan,,,,,,,1,1727,1727,0,50,1414,1414,0
4689,2018.0,Last-16,Sweden,1.0,0.0,Switzerland,,,,,,,14,1560,1560,0,8,1599,1599,0
4701,2018.0,Last-16,Colombia,1.0,1.0,England,,,,,,,12,1575,1575,0,5,1631,1631,0
4713,2018.0,QFinals,Uruguay,0.0,2.0,France,,,,,,,7,1609,1609,0,2,1726,1726,0
4725,2018.0,QFinals,Brazil,1.0,2.0,Belgium,,,,,,,3,1676,1676,0,1,1727,1727,0
4737,2018.0,QFinals,Sweden,0.0,2.0,England,,,,,,,14,1560,1560,0,5,1631,1631,0
4749,2018.0,QFinals,Russia,2.0,2.0,Croatia,,,,,,,48,1424,1424,0,4,1634,1634,0
4761,2018.0,SFinals,France,1.0,0.0,Belgium,,,,,,,2,1726,1726,0,1,1727,1727,0
4773,2018.0,SFinals,Croatia,2.0,1.0,England,,,,,,,4,1634,1634,0,5,1631,1631,0
4785,2018.0,Third-Place,Belgium,2.0,0.0,England,,,,,,,1,1727,1727,0,5,1631,1631,0
4797,2018.0,Final,Croatia,4.0,2.0,France,,,,,,,4,1634,1634,0,2,1726,1726,0
